# Chip OTA partition table — 4MB flash (ESP32, ESP32-S2, ESP32-C3).
# Dual app slots (A/B) + otadata so every build is OTA-updatable.
# Offsets keep bootloader@0x1000 / partitions@0x8000 / app@0x10000 so the
# merged USB image layout is unchanged from the Arduino default.
# Name,   Type, SubType, Offset,  Size, Flags
nvs,      data, nvs,     0x9000,  0x5000,
otadata,  data, ota,     0xe000,  0x2000,
app0,     app,  ota_0,   0x10000, 0x140000,
app1,     app,  ota_1,   0x240000,0x140000,
spiffs,   data, spiffs,  0x380000,0x80000,
